{
    "__createdwith": "opl's Model Creator",
    "ambientocclusion": false,
    "textures": {
        "particle": "blocks/door_acacia_upper"
    },
    "elements": [
        {
            "from": [0,0,0],
            "to": [3,16,3],
            "faces": {
                "up": {
                    "texture": "#particle",
                    "cullface": "up"
                },
                "west": {
                    "uv": [16,0,13,16],
                    "texture": "#particle",
                    "cullface": "west"
                },
                "east": {
                    "uv": [13,0,16,16],
                    "texture": "#particle"
                },
                "north": {
                    "uv": [3,0,0,16],
                    "texture": "#particle",
                    "cullface": "north"
                },
                "south": {
                    "texture": "#particle"
                }
            }
        },
        {
            "from": [0,0,13],
            "to": [3,16,16],
            "faces": {
                "up": {
                    "texture": "#particle",
                    "cullface": "up"
                },
                "west": {
                    "uv": [3,0,0,16],
                    "texture": "#particle",
                    "cullface": "west"
                },
                "east": {
                    "uv": [0,0,3,16],
                    "texture": "#particle"
                },
                "north": {
                    "uv": [3,0,0,16],
                    "texture": "#particle"
                },
                "south": {
                    "texture": "#particle",
                    "cullface": "south"
                }
            }
        },
        {
            "from": [1,0,4],
            "to": [2,16,6],
            "faces": {
                "up": {
                    "texture": "#particle",
                    "cullface": "up"
                },
                "west": {
                    "uv": [12,0,10,16],
                    "texture": "#particle"
                },
                "east": {
                    "uv": [10,0,12,16],
                    "texture": "#particle"
                },
                "north": {
                    "uv": [2,0,1,16],
                    "texture": "#particle"
                },
                "south": {
                    "texture": "#particle"
                }
            }
        },
        {
            "from": [1,0,7],
            "to": [2,16,9],
            "faces": {
                "up": {
                    "texture": "#particle",
                    "cullface": "up"
                },
                "west": {
                    "uv": [9,0,7,16],
                    "texture": "#particle"
                },
                "east": {
                    "uv": [7,0,9,16],
                    "texture": "#particle"
                },
                "north": {
                    "uv": [2,0,1,16],
                    "texture": "#particle"
                },
                "south": {
                    "texture": "#particle"
                }
            }
        },
        {
            "from": [1,0,10],
            "to": [2,16,12],
            "faces": {
                "up": {
                    "texture": "#particle",
                    "cullface": "up"
                },
                "west": {
                    "uv": [6,0,4,16],
                    "texture": "#particle"
                },
                "east": {
                    "uv": [4,0,6,16],
                    "texture": "#particle"
                },
                "north": {
                    "uv": [2,0,1,16],
                    "texture": "#particle"
                },
                "south": {
                    "texture": "#particle"
                }
            }
        },
        {
            "from": [1,13,2],
            "to": [2,15,14],
            "faces": {
                "up": {
                    "uv": [1,1,15,2],
                    "texture": "#particle",
                    "rotation": 90
                },
                "down": {
                    "uv": [1,1,15,2],
                    "texture": "#particle",
                    "rotation": 90
                },
                "west": {
                    "uv": [14,1,2,3],
                    "texture": "#particle"
                },
                "east": {
                    "uv": [2,1,14,3],
                    "texture": "#particle"
                }
            }
        }
    ]
}