{   "parent": "block/block",
    "display": {
        "gui": {
            "rotation": [ 30, 45, 0 ],
            "translation": [ 0, -1, 0],
            "scale":[ 0.8, 0.8, 0.8 ]
        },
        "head": {
            "rotation": [ 0, 0, 0 ],
            "translation": [ 0, -3, -6],
            "scale":[ 1, 1, 1]
        }
    },
    "textures": {
        "particle" : "blocks/fence/fence_gate_acacia"
    },
    "elements": [
        {   "__comment": "Left-hand post",
            "from": [ 0, 3, 7 ],
            "to": [ 2, 16, 9 ],
            "faces": {
                "down":   { "uv": [ 0, 14, 2, 16 ], "texture": "#particle" },
                "up":     { "uv": [ 0, 14, 2, 16 ], "texture": "#particle" },
                "north":  { "uv": [ 0,  0, 2, 13 ], "texture": "#particle" },
                "south":  { "uv": [ 0,  0, 2, 13 ], "texture": "#particle" },
                "west":   { "uv": [ 0,  0, 2, 13 ], "texture": "#particle", "cullface": "west" },
                "east":    { "uv": [ 0,  0, 2, 13 ], "texture": "#particle" }
            }
        },
        {   "__comment": "Right-hand post",
            "from": [ 14, 3, 7 ],
            "to": [ 16, 16, 9 ],
            "faces": {
                "down":    { "uv": [ 14, 14, 16, 16 ], "texture": "#particle" },
                "up":      { "uv": [ 14, 14, 16, 16 ], "texture": "#particle" },
                "north":   { "uv": [ 14,  0, 16, 13 ], "texture": "#particle" },
                "south":   { "uv": [ 14,  0, 16, 13 ], "texture": "#particle" },
                "west":    { "uv": [ 14,  0, 16, 13 ], "texture": "#particle" },
                "east":    { "uv": [ 14,  0, 16, 13 ], "texture": "#particle", "cullface": "east" }
            }
        },
        {   "from": [ 2, 14, 7.5 ],
            "to": [ 7, 15, 8.5 ],
            "faces": {
                "down":    { "uv": [ 2, 1, 7, 2 ], "texture": "#particle" },
                "up":      { "uv": [ 2, 1, 7, 2 ], "texture": "#particle" },
                "north":   { "uv": [ 2, 1, 7, 2 ], "texture": "#particle" },
                "south":   { "uv": [ 2, 1, 7, 2 ], "texture": "#particle" }
            },
            "__comment": "L1"
        },
        {   "from": [ 2, 4, 7.5 ],
            "to": [ 7, 5, 8.5 ],
            "faces": {
                "down":    { "uv": [ 2, 11, 7, 12 ], "texture": "#particle" },
                "up":      { "uv": [ 2, 11, 7, 12 ], "texture": "#particle" },
                "north":   { "uv": [ 2, 11, 7, 12 ], "texture": "#particle" },
                "south":   { "uv": [ 2, 11, 7, 12 ], "texture": "#particle" }
            },
            "__comment": "L2"
        },
        {   "from": [ 3, 5, 7.5 ],
            "to": [ 4, 14, 8.5 ],
            "faces": {
                "west":    { "uv": [ 3, 2, 4, 11 ], "texture": "#particle" },
                "east":    { "uv": [ 3, 2, 4, 11 ], "texture": "#particle" },
                "north":   { "uv": [ 3, 2, 4, 11 ], "texture": "#particle" },
                "south":   { "uv": [ 3, 2, 4, 11 ], "texture": "#particle" }
            },
            "__comment": "L3"
        },
        {   "from": [ 5, 10, 7.5 ],
            "to": [ 6, 14, 8.5 ],
            "faces": {
                "down":    { "uv": [ 5, 2, 6, 6 ], "texture": "#particle" },
                "north":   { "uv": [ 5, 2, 6, 6 ], "texture": "#particle" },
                "south":   { "uv": [ 5, 2, 6, 6 ], "texture": "#particle" },
                "west":    { "uv": [ 5, 2, 6, 6 ], "texture": "#particle" },
                "east":    { "uv": [ 5, 2, 6, 6 ], "texture": "#particle" }
            },
            "__comment": "L4"
        },
        {   "from": [ 5, 5, 7.5 ],
            "to": [ 6, 9, 8.5 ],
            "faces": {
                "up":      { "uv": [ 5, 7, 6, 11 ], "texture": "#particle" },
                "north":   { "uv": [ 5, 7, 6, 11 ], "texture": "#particle" },
                "south":   { "uv": [ 5, 7, 6, 11 ], "texture": "#particle" },
                "west":    { "uv": [ 5, 7, 6, 11 ], "texture": "#particle" },
                "east":    { "uv": [ 5, 7, 6, 11 ], "texture": "#particle" }
            },
            "__comment": "L5"
        },
        {   "from": [ 6, 11, 7.5 ],
            "to": [ 7, 12, 8.5 ],
            "faces": {
                "down":    { "uv": [ 6, 4, 7, 5 ], "texture": "#particle" },
                "up":      { "uv": [ 6, 4, 7, 5 ], "texture": "#particle" },
                "north":   { "uv": [ 6, 4, 7, 5 ], "texture": "#particle" },
                "south":   { "uv": [ 6, 4, 7, 5 ], "texture": "#particle" }
            },
            "__comment": "L6"
        },
        {   "from": [ 6, 9, 7.5 ],
            "to": [ 7, 10, 8.5 ],
            "faces": {
                "down":    { "uv": [ 6, 6, 7, 7 ], "texture": "#particle" },
                "up":      { "uv": [ 6, 6, 7, 7 ], "texture": "#particle" },
                "north":   { "uv": [ 6, 6, 7, 7 ], "texture": "#particle" },
                "south":   { "uv": [ 6, 6, 7, 7 ], "texture": "#particle" },
                "west":    { "uv": [ 6, 6, 7, 7 ], "texture": "#particle" }
            },
            "__comment": "L7"
        },
        {   "from": [ 6, 7, 7.5 ],
            "to": [ 7, 8, 8.5 ],
            "faces": {
                "down":    { "uv": [ 6, 8, 7, 9 ], "texture": "#particle" },
                "up":      { "uv": [ 6, 8, 7, 9 ], "texture": "#particle" },
                "north":   { "uv": [ 6, 8, 7, 9 ], "texture": "#particle" },
                "south":   { "uv": [ 6, 8, 7, 9 ], "texture": "#particle" }
            },
            "__comment": "L8"
        },
        {   "from": [ 4, 10, 7.5 ],
            "to": [ 5, 11, 8.5 ],
            "faces": {
                "down":    { "uv": [ 4, 5, 5, 6 ], "texture": "#particle" },
                "up":      { "uv": [ 4, 5, 5, 6 ], "texture": "#particle" },
                "north":   { "uv": [ 4, 5, 5, 6 ], "texture": "#particle" },
                "south":   { "uv": [ 4, 5, 5, 6 ], "texture": "#particle" }
            },
            "__comment": "L9"
        },
        {   "from": [ 4, 8, 7.5 ],
            "to": [ 5, 9, 8.5 ],
            "faces": {
                "down":    { "uv": [ 4, 7, 5, 8 ], "texture": "#particle" },
                "up":      { "uv": [ 4, 7, 5, 8 ], "texture": "#particle" },
                "north":   { "uv": [ 4, 7, 5, 8 ], "texture": "#particle" },
                "south":   { "uv": [ 4, 7, 5, 8 ], "texture": "#particle" }
            },
            "__comment": "L10"
        },
        {   "from": [ 2, 12, 7.5 ],
            "to": [ 3, 13, 8.5 ],
            "faces": {
                "down":    { "uv": [ 2, 3, 3, 4 ], "texture": "#particle" },
                "up":      { "uv": [ 2, 3, 3, 4 ], "texture": "#particle" },
                "north":   { "uv": [ 2, 3, 3, 4 ], "texture": "#particle" },
                "south":   { "uv": [ 2, 3, 3, 4 ], "texture": "#particle" }
            },
            "__comment": "L11"
        },
        {   "from": [ 2, 6, 7.5 ],
            "to": [ 3, 7, 8.5 ],
            "faces": {
                "down":    { "uv": [ 2, 9, 3, 10 ], "texture": "#particle" },
                "up":      { "uv": [ 2, 9, 3, 10 ], "texture": "#particle" },
                "north":   { "uv": [ 2, 9, 3, 10 ], "texture": "#particle" },
                "south":   { "uv": [ 2, 9, 3, 10 ], "texture": "#particle" }
            },
            "__comment": "L12"
        },
        {   "from": [ 7, 4, 7.5 ],
            "to": [ 8, 15, 8.5 ],
            "faces": {
                "down":    { "uv": [ 7, 1, 8,  2 ], "texture": "#particle" },
                "up":      { "uv": [ 7, 1, 8,  2 ], "texture": "#particle" },
                "north":   { "uv": [ 7, 1, 8, 12 ], "texture": "#particle" },
                "south":   { "uv": [ 7, 1, 8, 12 ], "texture": "#particle" },
                "west":    { "uv": [ 7, 1, 8, 12 ], "texture": "#particle" }
            },
            "__comment": "L13"
        },
        {   "from": [ 9, 14, 7.5 ],
            "to": [ 14, 15, 8.5 ],
            "faces": {
                "down":    { "uv": [ 9, 1, 14, 2 ], "texture": "#particle" },
                "up":      { "uv": [ 9, 1, 14, 2 ], "texture": "#particle" },
                "north":   { "uv": [ 9, 1, 14, 2 ], "texture": "#particle" },
                "south":   { "uv": [ 9, 1, 14, 2 ], "texture": "#particle" }
            },
            "__comment": "R1"
        },
        {   "from": [ 9, 4, 7.5 ],
            "to": [ 14, 5, 8.5 ],
            "faces": {
                "down":    { "uv": [ 9, 11, 14, 12 ], "texture": "#particle" },
                "up":      { "uv": [ 9, 11, 14, 12 ], "texture": "#particle" },
                "north":   { "uv": [ 9, 11, 14, 12 ], "texture": "#particle" },
                "south":   { "uv": [ 9, 11, 14, 12 ], "texture": "#particle" }
            },
            "__comment": "R2"
        },
        {   "from": [ 12, 5, 7.5 ],
            "to": [ 13, 14, 8.5 ],
            "faces": {
                "west":    { "uv": [ 3, 2, 4, 11 ], "texture": "#particle" },
                "east":    { "uv": [ 3, 2, 4, 11 ], "texture": "#particle" },
                "north":   { "uv": [ 3, 2, 4, 11 ], "texture": "#particle" },
                "south":   { "uv": [ 3, 2, 4, 11 ], "texture": "#particle" }
            },
            "__comment": "R3"
        },
        {   "from": [ 10, 10, 7.5 ],
            "to": [ 11, 14, 8.5 ],
            "faces": {
                "down":    { "uv": [ 5, 2, 6, 6 ], "texture": "#particle" },
                "north":   { "uv": [ 5, 2, 6, 6 ], "texture": "#particle" },
                "south":   { "uv": [ 5, 2, 6, 6 ], "texture": "#particle" },
                "west":    { "uv": [ 5, 2, 6, 6 ], "texture": "#particle" },
                "east":    { "uv": [ 5, 2, 6, 6 ], "texture": "#particle" }
            },
            "__comment": "R4"
        },
        {   "from": [ 10, 5, 7.5 ],
            "to": [ 11, 9, 8.5 ],
            "faces": {
                "up":      { "uv": [ 5, 7, 6, 11 ], "texture": "#particle" },
                "north":   { "uv": [ 5, 7, 6, 11 ], "texture": "#particle" },
                "south":   { "uv": [ 5, 7, 6, 11 ], "texture": "#particle" },
                "west":    { "uv": [ 5, 7, 6, 11 ], "texture": "#particle" },
                "east":    { "uv": [ 5, 7, 6, 11 ], "texture": "#particle" }
            },
            "__comment": "R5"
        },
        {   "from": [ 9, 11, 7.5 ],
            "to": [ 10, 12, 8.5 ],
            "faces": {
                "down":    { "uv": [ 6, 4, 7, 5 ], "texture": "#particle" },
                "up":      { "uv": [ 6, 4, 7, 5 ], "texture": "#particle" },
                "north":   { "uv": [ 6, 4, 7, 5 ], "texture": "#particle" },
                "south":   { "uv": [ 6, 4, 7, 5 ], "texture": "#particle" }
            },
            "__comment": "R6"
        },
        {   "from": [ 9, 9, 7.5 ],
            "to": [ 10, 10, 8.5 ],
            "faces": {
                "down":    { "uv": [ 6, 6, 7, 7 ], "texture": "#particle" },
                "up":      { "uv": [ 6, 6, 7, 7 ], "texture": "#particle" },
                "north":   { "uv": [ 6, 6, 7, 7 ], "texture": "#particle" },
                "south":   { "uv": [ 6, 6, 7, 7 ], "texture": "#particle" },
                "west":    { "uv": [ 6, 6, 7, 7 ], "texture": "#particle" }
            },
            "__comment": "R7"
        },
        {   "from": [ 9, 7, 7.5 ],
            "to": [ 10, 8, 8.5 ],
            "faces": {
                "down":    { "uv": [ 6, 8, 7, 9 ], "texture": "#particle" },
                "up":      { "uv": [ 6, 8, 7, 9 ], "texture": "#particle" },
                "north":   { "uv": [ 6, 8, 7, 9 ], "texture": "#particle" },
                "south":   { "uv": [ 6, 8, 7, 9 ], "texture": "#particle" }
            },
            "__comment": "R8"
        },
        {   "from": [ 11, 10, 7.5 ],
            "to": [ 12, 11, 8.5 ],
            "faces": {
                "down":    { "uv": [ 4, 5, 5, 6 ], "texture": "#particle" },
                "up":      { "uv": [ 4, 5, 5, 6 ], "texture": "#particle" },
                "north":   { "uv": [ 4, 5, 5, 6 ], "texture": "#particle" },
                "south":   { "uv": [ 4, 5, 5, 6 ], "texture": "#particle" }
            },
            "__comment": "R9"
        },
        {   "from": [ 11, 8, 7.5 ],
            "to": [ 12, 9, 8.5 ],
            "faces": {
                "down":    { "uv": [ 4, 7, 5, 8 ], "texture": "#particle" },
                "up":      { "uv": [ 4, 7, 5, 8 ], "texture": "#particle" },
                "north":   { "uv": [ 4, 7, 5, 8 ], "texture": "#particle" },
                "south":   { "uv": [ 4, 7, 5, 8 ], "texture": "#particle" }
            },
            "__comment": "R10"
        },
        {   "from": [ 13, 12, 7.5 ],
            "to": [ 14, 13, 8.5 ],
            "faces": {
                "down":    { "uv": [ 2, 3, 3, 4 ], "texture": "#particle" },
                "up":      { "uv": [ 2, 3, 3, 4 ], "texture": "#particle" },
                "north":   { "uv": [ 2, 3, 3, 4 ], "texture": "#particle" },
                "south":   { "uv": [ 2, 3, 3, 4 ], "texture": "#particle" }
            },
            "__comment": "R11"
        },
        {   "from": [ 13, 6, 7.5 ],
            "to": [ 14, 7, 8.5 ],
            "faces": {
                "down":    { "uv": [ 2, 9, 3, 10 ], "texture": "#particle" },
                "up":      { "uv": [ 2, 9, 3, 10 ], "texture": "#particle" },
                "north":   { "uv": [ 2, 9, 3, 10 ], "texture": "#particle" },
                "south":   { "uv": [ 2, 9, 3, 10 ], "texture": "#particle" }
            },
            "__comment": "R12"
        },
        {   "from": [ 8, 4, 7.5 ],
            "to": [ 9, 15, 8.5 ],
            "faces": {
                "down":    { "uv": [ 8, 1, 9,  2 ], "texture": "#particle" },
                "up":      { "uv": [ 8, 1, 9,  2 ], "texture": "#particle" },
                "north":   { "uv": [ 8, 1, 9, 12 ], "texture": "#particle" },
                "south":   { "uv": [ 8, 1, 9, 12 ], "texture": "#particle" },
                "east":    { "uv": [ 8, 1, 9, 12 ], "texture": "#particle" }
            },
            "__comment": "R13"
        }
    ]
}
