{
    "__createdwith": "opl's Model Creator",
    "textures": {
        "particle": "blocks/fence/fence_dark_oak"
    },
    "elements": [
        {
            "from": [7,11,0],
            "to": [9,15,9],
            "faces": {
                "up": {
                    "uv": [0,1,9,3],
                    "texture": "#particle",
                    "rotation": 90
                },
                "down": {
                    "uv": [0,2,9,4],
                    "texture": "#particle",
                    "rotation": 270
                },
                "west": {
                    "uv": [0,1,9,5],
                    "texture": "#particle"
                },
                "east": {
                    "uv": [9,11,0,15],
                    "texture": "#particle"
                },
                "north": {
                    "uv": [2,1,4,5],
                    "texture": "#particle",
                    "cullface": "north"
                }
            }
        },
        {
            "from": [7,6,0],
            "to": [9,10,9],
            "faces": {
                "up": {
                    "uv": [0,6,9,8],
                    "texture": "#particle",
                    "rotation": 90
                },
                "down": {
                    "uv": [0,7,9,9],
                    "texture": "#particle",
                    "rotation": 270
                },
                "west": {
                    "uv": [0,6,9,10],
                    "texture": "#particle"
                },
                "east": {
                    "uv": [9,1,0,5],
                    "texture": "#particle"
                },
                "north": {
                    "uv": [2,6,4,10],
                    "texture": "#particle",
                    "cullface": "north"
                }
            }
        },
        {
            "from": [7,1,0],
            "to": [9,5,9],
            "faces": {
                "up": {
                    "uv": [0,11,9,13],
                    "texture": "#particle",
                    "rotation": 90
                },
                "down": {
                    "uv": [0,12,9,14],
                    "texture": "#particle",
                    "rotation": 270
                },
                "west": {
                    "texture": "#particle"
                },
                "east": {
                    "uv": [9,6,0,10],
                    "texture": "#particle"
                },
                "north": {
                    "uv": [2,11,4,15],
                    "texture": "#particle",
                    "cullface": "north"
                }
            }
        }
    ]
}