{   "parent": "block/block",
    "display": {
        "gui": {
            "rotation": [ 30, 135, 0 ],
            "translation": [ 0, 0, 0],
            "scale":[ 0.625, 0.625, 0.625 ]
        },
        "fixed": {
            "rotation": [ 0, 90, 0 ],
            "translation": [ 0, 0, 0],
            "scale":[ 0.5, 0.5, 0.5 ]
        }
    },
    "__createdwith": "opl's Model Creator",
    "ambientocclusion": false,
    "textures": {
        "particle": "blocks/fence/fence_jungle"
    },
    "elements": [
        {
            "from": [6,0,-1],
            "to": [10,16,3],
            "faces": {
                "up": {
                    "uv": [1,11,5,15],
                    "texture": "#particle"
                },
                "down": {
                    "uv": [11,11,15,15],
                    "texture": "#particle",
                    "cullface": "down"
                },
                "west": {
                    "uv": [6,0,10,16],
                    "texture": "#particle"
                },
                "east": {
                    "uv": [6,0,10,16],
                    "texture": "#particle"
                },
                "north": {
                    "texture": "#particle"
                },
                "south": {
                    "texture": "#particle"
                }
            }
        },
        {
            "from": [6,0,13],
            "to": [10,16,17],
            "faces": {
                "up": {
                    "uv": [1,11,5,15],
                    "texture": "#particle"
                },
                "down": {
                    "uv": [11,11,15,15],
                    "texture": "#particle",
                    "cullface": "down"
                },
                "west": {
                    "uv": [6,0,10,16],
                    "texture": "#particle"
                },
                "east": {
                    "uv": [6,0,10,16],
                    "texture": "#particle"
                },
                "north": {
                    "texture": "#particle"
                },
                "south": {
                    "texture": "#particle"
                }
            }
        },
        {
            "from": [7,11,0],
            "to": [9,13,8],
            "faces": {
                "up": {
                    "uv": [0,8,8,10],
                    "texture": "#particle",
                    "rotation": 270
                },
                "down": {
                    "uv": [0,8,8,10],
                    "texture": "#particle",
                    "rotation": 90
                },
                "west": {
                    "uv": [8,3,16,5],
                    "texture": "#particle"
                },
                "east": {
                    "texture": "#particle"
                }
            }
        },
        {
            "from": [7.5,10,5],
            "to": [8.5,12,6],
            "faces": {
                "west": {
                    "uv": [3,4,4,6],
                    "texture": "#particle"
                },
                "east": {
                    "uv": [3,4,4,6],
                    "texture": "#particle"
                }
            }
        },
        {
            "from": [7.5,9,7],
            "to": [8.5,12,8],
            "faces": {
                "west": {
                    "uv": [1,4,2,7],
                    "texture": "#particle"
                },
                "east": {
                    "uv": [1,4,2,7],
                    "texture": "#particle"
                }
            }
        },
        {
            "from": [7,11,8],
            "to": [9,13,16],
            "faces": {
                "up": {
                    "uv": [8,8,16,10],
                    "texture": "#particle",
                    "rotation": 270
                },
                "down": {
                    "uv": [8,8,16,10],
                    "texture": "#particle",
                    "rotation": 90
                },
                "west": {
                    "uv": [0,3,8,5],
                    "texture": "#particle"
                },
                "east": {
                    "texture": "#particle"
                }
            }
        },
        {
            "from": [7.5,8,10],
            "to": [8.5,12,11],
            "faces": {
                "west": {
                    "uv": [13,4,14,8],
                    "texture": "#particle"
                },
                "east": {
                    "uv": [13,4,14,8],
                    "texture": "#particle"
                }
            }
        }
    ]
}