{
    "__createdwith": "opl's Model Creator",
    "ambientocclusion": false,
    "textures": {
        "particle": "blocks/torch_on_w",
        "torch_lantern": "blocks/torch_on_lantern",
        "torch": "blocks/torch_on"
    },
    "elements": [
        {
            "from": [5,0,5],
            "to": [11,1,11],
            "faces": {
                "up": {
                    "uv": [9,7,15,1],
                    "texture": "#torch_lantern"
                },
                "down": {
                    "uv": [9,7,15,1],
                    "texture": "#torch_lantern"
                }
            }
        },
        {
            "from": [4,10,4],
            "to": [12,11,12],
            "faces": {
                "up": {
                    "uv": [7,9,15,1],
                    "texture": "#torch_lantern"
                },
                "down": {
                    "uv": [7,9,15,1],
                    "texture": "#torch_lantern"
                },
                "west": {
                    "uv": [7,1,8,9],
                    "texture": "#torch_lantern",
                    "rotation": 270
                },
                "east": {
                    "uv": [14,1,15,9],
                    "texture": "#torch_lantern",
                    "rotation": 90
                },
                "north": {
                    "uv": [7,1,15,2],
                    "texture": "#torch_lantern"
                },
                "south": {
                    "uv": [7,8,15,9],
                    "texture": "#torch_lantern"
                }
            }
        },
        {
            "from": [5,0,5],
            "to": [11,11,11],
            "faces": {
                "west": {
                    "uv": [1,4,7,15],
                    "texture": "#torch_lantern"
                },
                "east": {
                    "uv": [1,4,7,15],
                    "texture": "#torch_lantern"
                },
                "north": {
                    "uv": [1,4,7,15],
                    "texture": "#torch_lantern"
                },
                "south": {
                    "uv": [1,4,7,15],
                    "texture": "#torch_lantern"
                }
            }
        },
        {
            "from": [6,10,6],
            "to": [10,12,10],
            "faces": {
                "up": {
                    "uv": [8,15,12,11],
                    "texture": "#torch_lantern"
                },
                "west": {
                    "uv": [8,9,12,11],
                    "texture": "#torch_lantern"
                },
                "east": {
                    "uv": [8,9,12,11],
                    "texture": "#torch_lantern"
                },
                "north": {
                    "uv": [8,9,12,11],
                    "texture": "#torch_lantern"
                },
                "south": {
                    "uv": [8,9,12,11],
                    "texture": "#torch_lantern"
                }
            }
        },
        {   "from": [ 0.8, 0, 8 ],
            "to": [ 15.2, 16, 8 ],
            "rotation": { "origin": [ 8, 8, 8 ], "axis": "y", "angle": 45, "rescale": true },
            "shade": false,
            "faces": {
                "north": { "uv": [ 0, 0, 16, 16 ], "texture": "#torch" },
                "south": { "uv": [ 0, 0, 16, 16 ], "texture": "#torch" }
            }
        },
        {   "from": [ 8, 0, 0.8 ],
            "to": [ 8, 16, 15.2 ],
            "rotation": { "origin": [ 8, 8, 8 ], "axis": "y", "angle": 45, "rescale": true },
            "shade": false,
            "faces": {
                "west": { "uv": [ 0, 0, 16, 16 ], "texture": "#torch" },
                "east": { "uv": [ 0, 0, 16, 16 ], "texture": "#torch" }
            }
        }
    ]
}