{
	"credit": "Made with Blockbench",
	"textures": {
		"0": "block/redstone_ore",
		"particle": "block/redstone_ore"
	},
	"elements": [
		{
			"from": [0, 0, 0],
			"to": [16, 16, 16],
			"faces": {
				"north": {"uv": [0, 0, 16, 16], "texture": "#0", "cullface":"north"},
				"east": {"uv": [0, 0, 16, 16], "texture": "#0", "cullface":"east"},
				"south": {"uv": [0, 0, 16, 16], "texture": "#0", "cullface":"south"},
				"west": {"uv": [0, 0, 16, 16], "texture": "#0", "cullface":"west"},
				"up": {"uv": [0, 0, 16, 16], "texture": "#0", "cullface":"up" },
				"down": {"uv": [0, 0, 16, 16], "texture": "#0", "cullface":"down" }
			}
		}
	],
	"display": {
		"thirdperson_righthand": {
			"rotation": [68, 45, 0],
			"translation": [0, 2.5, 0],
			"scale": [0.33, 0.33, 0.33]
		},
		"thirdperson_lefthand": {
			"rotation": [68, 45, 0],
			"translation": [0, 2.5, 0],
			"scale": [0.33, 0.33, 0.33]
		},
		"firstperson_righthand": {
			"rotation": [0, 45, 0],
			"translation": [0.75, -0.25, 0],
			"scale": [0.4, 0.4, 0.4]
		},
		"firstperson_lefthand": {
			"rotation": [0, 45, 0],
			"translation": [0.75, -0.25, 0],
			"scale": [0.4, 0.4, 0.4]
		},
		"ground": {
			"translation": [0, -1, 0],
			"scale": [0.33, 0.33, 0.33]
		},
		"gui": {
			"rotation": [30, 45, 0],
			"translation": [0, 0.25, 0],
			"scale": [0.64, 0.64, 0.64]
		},
		"fixed": {
			"scale": [0.5, 0.5, 0.5]
		}
	}
}