{
    "variants": {
        "facing=south,in_wall=false,open=false": { "model": "dark_oak_fence_gate_closed", "uvlock": false },
        "facing=west,in_wall=false,open=false":  { "model": "dark_oak_fence_gate_closed", "y": 90, "uvlock": false },
        "facing=north,in_wall=false,open=false": { "model": "dark_oak_fence_gate_closed", "y": 180, "uvlock": false },
        "facing=east,in_wall=false,open=false":  { "model": "dark_oak_fence_gate_closed", "y": 270, "uvlock": false },
        "facing=south,in_wall=false,open=true": { "model": "dark_oak_fence_gate_open", "uvlock": false },
        "facing=west,in_wall=false,open=true":  { "model": "dark_oak_fence_gate_open", "y": 90, "uvlock": false },
        "facing=north,in_wall=false,open=true": { "model": "dark_oak_fence_gate_open", "y": 180, "uvlock": false },
        "facing=east,in_wall=false,open=true":  { "model": "dark_oak_fence_gate_open", "y": 270, "uvlock": false },
        "facing=south,in_wall=true,open=false": { "model": "dark_oak_wall_gate_closed", "uvlock": false },
        "facing=west,in_wall=true,open=false":  { "model": "dark_oak_wall_gate_closed", "y": 90, "uvlock": false },
        "facing=north,in_wall=true,open=false": { "model": "dark_oak_wall_gate_closed", "y": 180, "uvlock": false },
        "facing=east,in_wall=true,open=false":  { "model": "dark_oak_wall_gate_closed", "y": 270, "uvlock": false },
        "facing=south,in_wall=true,open=true": { "model": "dark_oak_wall_gate_open", "uvlock": false },
        "facing=west,in_wall=true,open=true":  { "model": "dark_oak_wall_gate_open", "y": 90, "uvlock": false },
        "facing=north,in_wall=true,open=true": { "model": "dark_oak_wall_gate_open", "y": 180, "uvlock": false },
        "facing=east,in_wall=true,open=true":  { "model": "dark_oak_wall_gate_open", "y": 270, "uvlock": false }
    }
}
