{
    "variants": {
        "snowy=false": [
            { "model": "grass_normal", "weight": 6 },
            { "model": "grass_normal", "y": 90, "weight": 6 },
            { "model": "grass_normal", "y": 180, "weight": 6 },
            { "model": "grass_normal", "y": 270, "weight": 6 },
            { "model": "grass_normal_0", "weight": 3 },
            { "model": "grass_normal_0", "y": 90, "weight": 3 },
            { "model": "grass_normal_0", "y": 180, "weight": 3 },
            { "model": "grass_normal_0", "y": 270, "weight": 3 },
            { "model": "grass_normal_1", "weight": 2 },
            { "model": "grass_normal_1", "y": 90, "weight": 2 },
            { "model": "grass_normal_1", "y": 180, "weight": 2 },
            { "model": "grass_normal_1", "y": 270, "weight": 2 },
            { "model": "grass_normal_2", "weight": 1 },
            { "model": "grass_normal_2", "y": 90, "weight": 1 },
            { "model": "grass_normal_2", "y": 180, "weight": 1 },
            { "model": "grass_normal_2", "y": 270, "weight": 1 }
        ],
        "snowy=true":  { "model": "grass_snowed" }
    }
}
