{
    "variants": {
        "normal": [
            { "model": "waterlily", "weight": 3 },
            { "model": "waterlily", "y": 90, "weight": 3 },
            { "model": "waterlily", "y": 180, "weight": 3 },
            { "model": "waterlily", "y": 270, "weight": 3 },
            { "model": "waterlily_0", "weight": 4 },
            { "model": "waterlily_0", "y": 90, "weight": 4 },
            { "model": "waterlily_0", "y": 180, "weight": 4 },
            { "model": "waterlily_0", "y": 270, "weight": 4 },
            { "model": "waterlily_1", "weight": 1 },
            { "model": "waterlily_1", "y": 90, "weight": 1 },
            { "model": "waterlily_1", "y": 180, "weight": 1 },
            { "model": "waterlily_1", "y": 270, "weight": 1 }
        ]
    }
}
